CREATE DATABASE diversinect WITH TEMPLATE = template0 ENCODING = 'UTF8' LOCALE = 'en_US.UTF-8';

\connect diversinect

CREATE SCHEMA diversinect;

SET default_tablespace = '';
SET default_table_access_method = heap;

--
-- Name: caracteristica; Type: TABLE; Schema: diversinect; Owner: postgres
--
CREATE TABLE diversinect.caracteristica (
    id bigint NOT NULL,
    descricao character varying(100) NOT NULL,
    id_tipo_caracteristica bigint
);
ALTER TABLE diversinect.caracteristica ALTER COLUMN id ADD GENERATED BY DEFAULT AS IDENTITY (
    SEQUENCE NAME diversinect.caracteristica_id_seq
    START WITH 1
    INCREMENT BY 1
    NO MINVALUE
    NO MAXVALUE
    CACHE 1
);

--
-- Name: caracteristica_usuario; Type: TABLE; Schema: diversinect; Owner: postgres
--
CREATE TABLE diversinect.caracteristica_usuario (
    id_usuario bigint NOT NULL,
    id_caracteristica bigint NOT NULL
);

--
-- Name: contato; Type: TABLE; Schema: diversinect; Owner: postgres
--
CREATE TABLE diversinect.contato (
    id bigint NOT NULL,
    id_usuario bigint NOT NULL,
    id_tipo bigint NOT NULL,
    valor character varying(255) NOT NULL
);

--
-- Name: experiencia_profissional; Type: TABLE; Schema: diversinect; Owner: postgres
--
CREATE TABLE diversinect.experiencia_profissional (
    id bigint NOT NULL,
    id_usuario bigint NOT NULL,
    empresa character varying(255) NOT NULL,
    funcao character varying(255) NOT NULL,
    descricao character varying(255),
    data_inicio date NOT NULL,
    data_fim date,
    CONSTRAINT ck_experiecia_profissional_data_fim_maior_data_inicio CHECK ((data_fim >= data_inicio))
);

--
-- Name: finalidade_mensagem; Type: TABLE; Schema: diversinect; Owner: postgres
--

CREATE TABLE diversinect.finalidade_mensagem (
    id bigint NOT NULL,
    descricao character varying(50) NOT NULL
);
ALTER TABLE diversinect.finalidade_mensagem ALTER COLUMN id ADD GENERATED BY DEFAULT AS IDENTITY (
    SEQUENCE NAME diversinect.finalidade_mensagem_id_seq
    START WITH 1
    INCREMENT BY 1
    NO MINVALUE
    NO MAXVALUE
    CACHE 1
);

--
-- Name: formacao; Type: TABLE; Schema: diversinect; Owner: postgres
--
CREATE TABLE diversinect.formacao (
    id bigint NOT NULL,
    id_usuario bigint NOT NULL,
    area character varying(255) NOT NULL,
    data date NOT NULL,
    formacao_base character varying(255) NOT NULL,
    descricao character varying(255) NOT NULL,
    id_titulacao bigint NOT NULL,
    id_instituicao bigint NOT NULL
);

--
-- Name: instituicao; Type: TABLE; Schema: diversinect; Owner: postgres
--
CREATE TABLE diversinect.instituicao (
    id bigint NOT NULL,
    nome character varying(255) NOT NULL
);
ALTER TABLE diversinect.instituicao ALTER COLUMN id ADD GENERATED BY DEFAULT AS IDENTITY (
    SEQUENCE NAME diversinect.instituicao_id_seq
    START WITH 1
    INCREMENT BY 1
    NO MINVALUE
    NO MAXVALUE
    CACHE 1
);

--
-- Name: mensagem; Type: TABLE; Schema: diversinect; Owner: postgres
--
CREATE TABLE diversinect.mensagem (
    id bigint NOT NULL,
    titulo character varying(255) NOT NULL,
    data date DEFAULT now() NOT NULL,
    texto text NOT NULL,
    rastreio json,
    email_remetente character varying(255) NOT NULL,
    nome_remetente character varying(255) NOT NULL,
    id_remetente bigint NOT NULL,
    id_destinatario bigint NOT NULL,
    id_finalidade bigint NOT NULL
);
ALTER TABLE diversinect.mensagem ALTER COLUMN id ADD GENERATED ALWAYS AS IDENTITY (
    SEQUENCE NAME diversinect.mensagem_id_seq
    START WITH 1
    INCREMENT BY 1
    NO MINVALUE
    NO MAXVALUE
    CACHE 10
);

--
-- Name: perfil; Type: TABLE; Schema: diversinect; Owner: postgres
--
CREATE TABLE diversinect.perfil (
    id bigint NOT NULL,
    descricao character varying(50) NOT NULL
);
ALTER TABLE diversinect.perfil ALTER COLUMN id ADD GENERATED BY DEFAULT AS IDENTITY (
    SEQUENCE NAME diversinect.perfil_id_seq
    START WITH 1
    INCREMENT BY 1
    NO MINVALUE
    NO MAXVALUE
    CACHE 1
);

--
-- Name: perfil_permissao; Type: TABLE; Schema: diversinect; Owner: postgres
--
CREATE TABLE diversinect.perfil_permissao (
    id_perfil bigint NOT NULL,
    id_permissao bigint NOT NULL
);

--
-- Name: perfil_usuario; Type: TABLE; Schema: diversinect; Owner: postgres
--
CREATE TABLE diversinect.perfil_usuario (
    id_perfil bigint NOT NULL,
    id_usuario bigint NOT NULL
);

--
-- Name: permissao; Type: TABLE; Schema: diversinect; Owner: postgres
--
CREATE TABLE diversinect.permissao (
    id bigint NOT NULL,
    descricao character varying(50) NOT NULL
);
ALTER TABLE diversinect.permissao ALTER COLUMN id ADD GENERATED BY DEFAULT AS IDENTITY (
    SEQUENCE NAME diversinect.permissao_id_seq
    START WITH 1
    INCREMENT BY 1
    NO MINVALUE
    NO MAXVALUE
    CACHE 1
);


--
-- TOC entry 219 (class 1259 OID 54011)
-- Name: tipo_caracteristica; Type: TABLE; Schema: diversinect; Owner: postgres
--

CREATE TABLE diversinect.tipo_caracteristica (
    id bigint NOT NULL,
    descricao character varying(50) NOT NULL
);
ALTER TABLE diversinect.tipo_caracteristica ALTER COLUMN id ADD GENERATED BY DEFAULT AS IDENTITY (
    SEQUENCE NAME diversinect.tipo_caracteristica_id_seq
    START WITH 1
    INCREMENT BY 1
    NO MINVALUE
    NO MAXVALUE
    CACHE 1
);


--
-- Name: tipo_contato; Type: TABLE; Schema: diversinect; Owner: postgres
--
CREATE TABLE diversinect.tipo_contato (
    id bigint NOT NULL,
    descricao character varying NOT NULL
);
ALTER TABLE diversinect.tipo_contato ALTER COLUMN id ADD GENERATED BY DEFAULT AS IDENTITY (
    SEQUENCE NAME diversinect.tipo_contato_id_seq
    START WITH 1
    INCREMENT BY 1
    NO MINVALUE
    NO MAXVALUE
    CACHE 1
);

--
-- Name: titulacao; Type: TABLE; Schema: diversinect; Owner: postgres
--
CREATE TABLE diversinect.titulacao (
    id bigint NOT NULL,
    descricao character varying(50) NOT NULL
);
ALTER TABLE diversinect.titulacao ALTER COLUMN id ADD GENERATED BY DEFAULT AS IDENTITY (
    SEQUENCE NAME diversinect.titulacao_id_seq
    START WITH 1
    INCREMENT BY 1
    NO MINVALUE
    NO MAXVALUE
    CACHE 1
);

--
-- Name: usuario; Type: TABLE; Schema: diversinect; Owner: postgres
--
CREATE TABLE diversinect.usuario (
    id bigint NOT NULL,
    login character varying(100) NOT NULL,
    senha character varying(255) NOT NULL,
    pronomes character varying(255),
    nome character varying(100) NOT NULL,
    sobrenome character varying(255) NOT NULL,
    inativo boolean DEFAULT false NOT NULL,
    foto character varying(255),
    latitude double precision,
    longitude double precision,
    receber_novidades boolean DEFAULT true NOT NULL,
    privado boolean DEFAULT true NOT NULL
);
ALTER TABLE diversinect.usuario ALTER COLUMN id ADD GENERATED BY DEFAULT AS IDENTITY (
    SEQUENCE NAME diversinect.usuario_id_seq
    START WITH 1
    INCREMENT BY 1
    NO MINVALUE
    NO MAXVALUE
    CACHE 10
);

-- Primary keys
ALTER TABLE ONLY diversinect.caracteristica
    ADD CONSTRAINT caracteristica_pkey PRIMARY KEY (id);
ALTER TABLE ONLY diversinect.caracteristica_usuario
    ADD CONSTRAINT caracteristica_usuario_pkey PRIMARY KEY (id_usuario, id_caracteristica);
ALTER TABLE ONLY diversinect.contato
    ADD CONSTRAINT contato_pkey PRIMARY KEY (id, id_usuario, id_tipo);
ALTER TABLE ONLY diversinect.experiencia_profissional
    ADD CONSTRAINT experiencia_profissional_pkey PRIMARY KEY (id, id_usuario);
ALTER TABLE ONLY diversinect.finalidade_mensagem
    ADD CONSTRAINT finalidade_mensagem_pkey PRIMARY KEY (id);
ALTER TABLE ONLY diversinect.formacao
    ADD CONSTRAINT formacao_pkey PRIMARY KEY (id_usuario, id);
ALTER TABLE ONLY diversinect.instituicao
    ADD CONSTRAINT instituicao_pkey PRIMARY KEY (id);
ALTER TABLE ONLY diversinect.mensagem
    ADD CONSTRAINT mensagem_pkey PRIMARY KEY (id);
ALTER TABLE ONLY diversinect.perfil_permissao
    ADD CONSTRAINT perfil_permissao_pkey PRIMARY KEY (id_perfil, id_permissao);
ALTER TABLE ONLY diversinect.perfil
    ADD CONSTRAINT perfil_pkey PRIMARY KEY (id);
ALTER TABLE ONLY diversinect.perfil_usuario
    ADD CONSTRAINT perfil_usuario_pkey PRIMARY KEY (id_perfil, id_usuario);
ALTER TABLE ONLY diversinect.permissao
    ADD CONSTRAINT permissao_pkey PRIMARY KEY (id);
ALTER TABLE ONLY diversinect.tipo_caracteristica
    ADD CONSTRAINT tipo_caracteristica_pkey PRIMARY KEY (id);
ALTER TABLE ONLY diversinect.tipo_contato
    ADD CONSTRAINT tipo_contato_pkey PRIMARY KEY (id);
ALTER TABLE ONLY diversinect.titulacao
    ADD CONSTRAINT titulacao_pkey PRIMARY KEY (id);
ALTER TABLE ONLY diversinect.usuario
    ADD CONSTRAINT usuario_pkey PRIMARY KEY (id);

-- Unique constraints
ALTER TABLE ONLY diversinect.caracteristica
    ADD CONSTRAINT uk_caracteristica_descricao_id_tipo_caracteristica UNIQUE (descricao, id_tipo_caracteristica);
ALTER TABLE ONLY diversinect.finalidade_mensagem
    ADD CONSTRAINT uk_finalidade_mensagem_descricao UNIQUE (descricao);
ALTER TABLE ONLY diversinect.instituicao
    ADD CONSTRAINT uk_instituicao_descricao UNIQUE (nome);
ALTER TABLE ONLY diversinect.perfil
    ADD CONSTRAINT uk_perfil_descricao UNIQUE (descricao);
ALTER TABLE ONLY diversinect.permissao
    ADD CONSTRAINT uk_permissao_descricao UNIQUE (descricao);
ALTER TABLE ONLY diversinect.tipo_caracteristica
    ADD CONSTRAINT uk_tipo_caracteristica_descricao UNIQUE (descricao);
ALTER TABLE ONLY diversinect.tipo_contato
    ADD CONSTRAINT uk_tipo_contato_descricao UNIQUE (descricao);
ALTER TABLE ONLY diversinect.titulacao
    ADD CONSTRAINT uk_titulacao_descricao UNIQUE (descricao);
ALTER TABLE ONLY diversinect.usuario
    ADD CONSTRAINT uk_usuario_login UNIQUE (login);

-- Foreign key
ALTER TABLE ONLY diversinect.caracteristica
    ADD CONSTRAINT fk_caracteristica_id_tipo_caracteristica_tipo_caracteristica_id FOREIGN KEY (id_tipo_caracteristica) REFERENCES diversinect.tipo_caracteristica(id) ON DELETE CASCADE NOT VALID;
ALTER TABLE ONLY diversinect.caracteristica_usuario
    ADD CONSTRAINT fk_caracteristica_usuario_id_caracteristica_caracteristica_id FOREIGN KEY (id_caracteristica) REFERENCES diversinect.caracteristica(id) ON DELETE CASCADE;
ALTER TABLE ONLY diversinect.caracteristica_usuario
    ADD CONSTRAINT fk_caracteristica_usuario_id_usuario_usuario_id FOREIGN KEY (id_usuario) REFERENCES diversinect.usuario(id) ON DELETE CASCADE;
ALTER TABLE ONLY diversinect.contato
    ADD CONSTRAINT fk_contato_id_tipo_tipo_contato_id FOREIGN KEY (id_tipo) REFERENCES diversinect.tipo_contato(id) NOT VALID;
ALTER TABLE ONLY diversinect.contato
    ADD CONSTRAINT fk_contato_id_usuario_usuario_id FOREIGN KEY (id_usuario) REFERENCES diversinect.usuario(id) ON DELETE CASCADE NOT VALID;
ALTER TABLE ONLY diversinect.experiencia_profissional
    ADD CONSTRAINT fk_experiencia_profissional_id_usuario_usuario_id FOREIGN KEY (id_usuario) REFERENCES diversinect.usuario(id) ON DELETE CASCADE;
ALTER TABLE ONLY diversinect.formacao
    ADD CONSTRAINT fk_formacao_id_instituicao_instituicao_id FOREIGN KEY (id_instituicao) REFERENCES diversinect.instituicao(id) NOT VALID;
ALTER TABLE ONLY diversinect.formacao
    ADD CONSTRAINT fk_formacao_id_titulacao_titulacao_id FOREIGN KEY (id_titulacao) REFERENCES diversinect.titulacao(id) ON DELETE RESTRICT;
ALTER TABLE ONLY diversinect.formacao
    ADD CONSTRAINT fk_formacao_id_usuario_usuario_id FOREIGN KEY (id_usuario) REFERENCES diversinect.usuario(id) ON DELETE CASCADE;
ALTER TABLE ONLY diversinect.mensagem
    ADD CONSTRAINT fk_mensagem_id_destinatario_usuario_id FOREIGN KEY (id_destinatario) REFERENCES diversinect.usuario(id);
ALTER TABLE ONLY diversinect.mensagem
    ADD CONSTRAINT fk_mensagem_id_finalidade_finalidade_mensagem_id FOREIGN KEY (id_finalidade) REFERENCES diversinect.finalidade_mensagem(id);
ALTER TABLE ONLY diversinect.mensagem
    ADD CONSTRAINT fk_mensagem_id_remetente_usuario_id FOREIGN KEY (id_remetente) REFERENCES diversinect.usuario(id);
ALTER TABLE ONLY diversinect.perfil_usuario
    ADD CONSTRAINT fk_perfil_usuario_id_perfil_perfil_id FOREIGN KEY (id_perfil) REFERENCES diversinect.perfil(id);
ALTER TABLE ONLY diversinect.perfil_usuario
    ADD CONSTRAINT fk_perfil_usuario_id_usuario_usuario_id FOREIGN KEY (id_usuario) REFERENCES diversinect.usuario(id);
ALTER TABLE ONLY diversinect.perfil_permissao
    ADD CONSTRAINT fk_permissao_perfil_perfil_id FOREIGN KEY (id_perfil) REFERENCES diversinect.perfil(id) NOT VALID;
ALTER TABLE ONLY diversinect.perfil_permissao
    ADD CONSTRAINT fk_permissao_perfil_permissao_id FOREIGN KEY (id_perfil) REFERENCES diversinect.permissao(id) NOT VALID;

-- Permissions
-- ALTER SCHEMA diversinect OWNER TO postgres;
-- ALTER TABLE diversinect.caracteristica OWNER TO postgres;
-- ALTER TABLE diversinect.caracteristica_usuario OWNER TO postgres;
-- ALTER TABLE diversinect.contato OWNER TO postgres;
-- ALTER TABLE diversinect.experiencia_profissional OWNER TO postgres;
-- ALTER TABLE diversinect.finalidade_mensagem OWNER TO postgres;
-- ALTER TABLE diversinect.formacao OWNER TO postgres;
-- ALTER TABLE diversinect.instituicao OWNER TO postgres;
-- ALTER TABLE diversinect.mensagem OWNER TO postgres;
-- ALTER TABLE diversinect.perfil OWNER TO postgres;
-- ALTER TABLE diversinect.perfil_permissao OWNER TO postgres;
-- ALTER TABLE diversinect.perfil_usuario OWNER TO postgres;
-- ALTER TABLE diversinect.permissao OWNER TO postgres;
-- ALTER TABLE diversinect.tipo_caracteristica OWNER TO postgres;
-- ALTER TABLE diversinect.tipo_contato OWNER TO postgres;
-- ALTER TABLE diversinect.titulacao OWNER TO postgres;
-- ALTER TABLE diversinect.usuario OWNER TO postgres;


---------------------------------------------------------------------------------
---------------------------------------------------------------------------------
--------------------------------   INSERTS   ------------------------------------
---------------------------------------------------------------------------------
---------------------------------------------------------------------------------

-- Tipo característica
INSERT INTO diversinect.tipo_caracteristica(id, descricao) VALUES (1, 'Deficiência');
INSERT INTO diversinect.tipo_caracteristica(id, descricao) VALUES (2, 'Grupo étnico');
INSERT INTO diversinect.tipo_caracteristica(id, descricao) VALUES (3, 'Gênero');
INSERT INTO diversinect.tipo_caracteristica(id, descricao) VALUES (4, 'Orientação sexual');

-- Características
-- Deficiência
INSERT INTO diversinect.caracteristica(descricao, id_tipo_caracteristica) VALUES ('Auditiva', 1);
INSERT INTO diversinect.caracteristica(descricao, id_tipo_caracteristica) VALUES ('Mental', 1);
INSERT INTO diversinect.caracteristica(descricao, id_tipo_caracteristica) VALUES ('Fisica', 1);
INSERT INTO diversinect.caracteristica(descricao, id_tipo_caracteristica) VALUES ('Visual', 1);
-- Grupo étnico
INSERT INTO diversinect.caracteristica(descricao, id_tipo_caracteristica) VALUES ('Amarelo', 2);
INSERT INTO diversinect.caracteristica(descricao, id_tipo_caracteristica) VALUES ('Branco', 2);
INSERT INTO diversinect.caracteristica(descricao, id_tipo_caracteristica) VALUES ('Preto', 2);
INSERT INTO diversinect.caracteristica(descricao, id_tipo_caracteristica) VALUES ('Pardo', 2);
INSERT INTO diversinect.caracteristica(descricao, id_tipo_caracteristica) VALUES ('Indígena', 2);
-- Gênero
INSERT INTO diversinect.caracteristica(descricao, id_tipo_caracteristica) VALUES ('Agênere', 3);
INSERT INTO diversinect.caracteristica(descricao, id_tipo_caracteristica) VALUES ('Andróginie', 3);
INSERT INTO diversinect.caracteristica(descricao, id_tipo_caracteristica) VALUES ('Binarismo', 3);
INSERT INTO diversinect.caracteristica(descricao, id_tipo_caracteristica) VALUES ('Cross dresser', 3);
INSERT INTO diversinect.caracteristica(descricao, id_tipo_caracteristica) VALUES ('Drag', 3);
INSERT INTO diversinect.caracteristica(descricao, id_tipo_caracteristica) VALUES ('Gênero fluido', 3);
INSERT INTO diversinect.caracteristica(descricao, id_tipo_caracteristica) VALUES ('Homem cis', 3);
INSERT INTO diversinect.caracteristica(descricao, id_tipo_caracteristica) VALUES ('Homem trans', 3);
INSERT INTO diversinect.caracteristica(descricao, id_tipo_caracteristica) VALUES ('Intersex', 3);
INSERT INTO diversinect.caracteristica(descricao, id_tipo_caracteristica) VALUES ('Mulher cis', 3);
INSERT INTO diversinect.caracteristica(descricao, id_tipo_caracteristica) VALUES ('Mulher trans', 3);
INSERT INTO diversinect.caracteristica(descricao, id_tipo_caracteristica) VALUES ('Travesti', 3);
INSERT INTO diversinect.caracteristica(descricao, id_tipo_caracteristica) VALUES ('Transformiste', 3);
INSERT INTO diversinect.caracteristica(descricao, id_tipo_caracteristica) VALUES ('Transexual', 3);
INSERT INTO diversinect.caracteristica(descricao, id_tipo_caracteristica) VALUES ('Queer', 3);
INSERT INTO diversinect.caracteristica(descricao, id_tipo_caracteristica) VALUES ('Outro', 3);
-- Orientação sexual
INSERT INTO diversinect.caracteristica(descricao, id_tipo_caracteristica) VALUES ('Assexual', 4);
INSERT INTO diversinect.caracteristica(descricao, id_tipo_caracteristica) VALUES ('Bissexual', 4);
INSERT INTO diversinect.caracteristica(descricao, id_tipo_caracteristica) VALUES ('Gay', 4);
INSERT INTO diversinect.caracteristica(descricao, id_tipo_caracteristica) VALUES ('Heterossexual', 4);
INSERT INTO diversinect.caracteristica(descricao, id_tipo_caracteristica) VALUES ('Homossexual', 4);
INSERT INTO diversinect.caracteristica(descricao, id_tipo_caracteristica) VALUES ('Homoafetive', 4);
INSERT INTO diversinect.caracteristica(descricao, id_tipo_caracteristica) VALUES ('Lésbica', 4);
INSERT INTO diversinect.caracteristica(descricao, id_tipo_caracteristica) VALUES ('Pansexual', 4);

-- Tipo contato
INSERT INTO diversinect.tipo_contato(descricao) VALUES ('Telefone');
INSERT INTO diversinect.tipo_contato(descricao) VALUES ('E-mail');
INSERT INTO diversinect.tipo_contato(descricao) VALUES ('Celular');

-- Finalidade
INSERT INTO diversinect.finalidade_mensagem(descricao) VALUES ('Banca de avaliação');
INSERT INTO diversinect.finalidade_mensagem(descricao) VALUES ('Divulgação científica');
INSERT INTO diversinect.finalidade_mensagem(descricao) VALUES ('Emprego');
INSERT INTO diversinect.finalidade_mensagem(descricao) VALUES ('Entrevista jornalística');
INSERT INTO diversinect.finalidade_mensagem(descricao) VALUES ('Evento / Curso');
INSERT INTO diversinect.finalidade_mensagem(descricao) VALUES ('Intercâmbio');
INSERT INTO diversinect.finalidade_mensagem(descricao) VALUES ('Palestra / Apresentação');
INSERT INTO diversinect.finalidade_mensagem(descricao) VALUES ('Pós-doutorado');
INSERT INTO diversinect.finalidade_mensagem(descricao) VALUES ('Voluntariado');
INSERT INTO diversinect.finalidade_mensagem(descricao) VALUES ('Parceria / Colaboração');

-- Titulação
INSERT INTO diversinect.titulacao(descricao) VALUES ('Graduação');
INSERT INTO diversinect.titulacao(descricao) VALUES ('Especialização');
INSERT INTO diversinect.titulacao(descricao) VALUES ('Mestrado');
INSERT INTO diversinect.titulacao(descricao) VALUES ('Bacharelado');
INSERT INTO diversinect.titulacao(descricao) VALUES ('Doutorado');
INSERT INTO diversinect.titulacao(descricao) VALUES ('Licenciatura');
INSERT INTO diversinect.titulacao(descricao) VALUES ('Pós-doutorado');

-- Permissões
INSERT INTO diversinect.permissao(id, descricao) VALUES (1, 'Buscar finalidade mensagem');
INSERT INTO diversinect.permissao(id, descricao) VALUES (2, 'Editar finalidade mensagem');
INSERT INTO diversinect.permissao(id, descricao) VALUES (3, 'Buscar característica');
INSERT INTO diversinect.permissao(id, descricao) VALUES (4, 'Editar característica');
INSERT INTO diversinect.permissao(id, descricao) VALUES (5, 'Buscar perfil');
INSERT INTO diversinect.permissao(id, descricao) VALUES (6, 'Editar perfil');
INSERT INTO diversinect.permissao(id, descricao) VALUES (7, 'Enviar mensagem');
INSERT INTO diversinect.permissao(id, descricao) VALUES (8, 'Buscar mensagem');
INSERT INTO diversinect.permissao(id, descricao) VALUES (9, 'Buscar tipo contato');
INSERT INTO diversinect.permissao(id, descricao) VALUES (10, 'Editar tipo contato');
INSERT INTO diversinect.permissao(id, descricao) VALUES (11, 'Buscar titulação');
INSERT INTO diversinect.permissao(id, descricao) VALUES (12, 'Editar titulação');
INSERT INTO diversinect.permissao(id, descricao) VALUES (13, 'Buscar instituição');
INSERT INTO diversinect.permissao(id, descricao) VALUES (14, 'Editar instituição');
INSERT INTO diversinect.permissao(id, descricao) VALUES (15, 'Buscar usuário');
INSERT INTO diversinect.permissao(id, descricao) VALUES (16, 'Editar usuário');

-- Perfil admin
INSERT INTO diversinect.perfil(id, descricao) VALUES (1, 'admin');
INSERT INTO diversinect.perfil_permissao(id_perfil, id_permissao) VALUES (1, 1);
INSERT INTO diversinect.perfil_permissao(id_perfil, id_permissao) VALUES (1, 2);
INSERT INTO diversinect.perfil_permissao(id_perfil, id_permissao) VALUES (1, 3);
INSERT INTO diversinect.perfil_permissao(id_perfil, id_permissao) VALUES (1, 4);
INSERT INTO diversinect.perfil_permissao(id_perfil, id_permissao) VALUES (1, 5);
INSERT INTO diversinect.perfil_permissao(id_perfil, id_permissao) VALUES (1, 6);
INSERT INTO diversinect.perfil_permissao(id_perfil, id_permissao) VALUES (1, 7);
INSERT INTO diversinect.perfil_permissao(id_perfil, id_permissao) VALUES (1, 8);
INSERT INTO diversinect.perfil_permissao(id_perfil, id_permissao) VALUES (1, 9);
INSERT INTO diversinect.perfil_permissao(id_perfil, id_permissao) VALUES (1, 10);
INSERT INTO diversinect.perfil_permissao(id_perfil, id_permissao) VALUES (1, 11);
INSERT INTO diversinect.perfil_permissao(id_perfil, id_permissao) VALUES (1, 12);
INSERT INTO diversinect.perfil_permissao(id_perfil, id_permissao) VALUES (1, 13);
INSERT INTO diversinect.perfil_permissao(id_perfil, id_permissao) VALUES (1, 14);
INSERT INTO diversinect.perfil_permissao(id_perfil, id_permissao) VALUES (1, 15);
INSERT INTO diversinect.perfil_permissao(id_perfil, id_permissao) VALUES (1, 16);